INSERT INTO public.products (id, name, slug, description, category_id, brand_id, price, original_price, sku, stock_quantity, is_active, is_featured, metadata) VALUES

('10000001-0001-0001-0001-000000000001'::uuid, 'iPhone 15 Pro Max', 'iphone-15-pro-max', 'The most powerful iPhone ever with titanium design, A17 Pro chip, and advanced camera system', '11111111-1111-1111-1111-111111111112'::uuid, 'b0000000-0000-0000-0000-000000000001'::uuid, 1199.00, 1299.00, 'APL-IP15PM-256', 150, true, true, '{"features": ["A17 Pro chip", "Titanium design", "48MP camera", "Action button", "USB-C"], "specifications": {"display": "6.7-inch Super Retina XDR", "storage": "256GB", "battery": "Up to 29 hours video", "5G": true}}'),

('10000001-0001-0001-0001-000000000002'::uuid, 'Samsung Galaxy S24 Ultra', 'samsung-galaxy-s24-ultra', 'Premium flagship with S Pen, 200MP camera, and AI-powered features', '11111111-1111-1111-1111-111111111112'::uuid, 'b0000000-0000-0000-0000-000000000002'::uuid, 1299.99, 1399.99, 'SAM-S24U-512', 120, true, true, '{"features": ["200MP camera", "S Pen included", "Galaxy AI", "Titanium frame", "5000mAh battery"], "specifications": {"display": "6.8-inch Dynamic AMOLED 2X", "storage": "512GB", "ram": "12GB", "5G": true}}'),

('10000001-0001-0001-0001-000000000003'::uuid, 'MacBook Pro 16" M3 Max', 'macbook-pro-16-m3-max', 'Ultimate pro laptop with M3 Max chip, stunning Liquid Retina XDR display', '11111111-1111-1111-1111-111111111113'::uuid, 'b0000000-0000-0000-0000-000000000001'::uuid, 3499.00, 3999.00, 'APL-MBP16-M3MAX', 45, true, true, '{"features": ["M3 Max chip", "16-inch Liquid Retina XDR", "Up to 128GB RAM", "8TB SSD option", "22-hour battery"], "specifications": {"processor": "M3 Max", "ram": "48GB", "storage": "1TB SSD", "display": "16.2-inch 3456x2234"}}'),

('10000001-0001-0001-0001-000000000004'::uuid, 'Dell XPS 15', 'dell-xps-15', 'Premium Windows laptop with stunning InfinityEdge display and powerful performance', '11111111-1111-1111-1111-111111111113'::uuid, 'b0000000-0000-0000-0000-000000000008'::uuid, 1899.99, 2199.99, 'DELL-XPS15-I9', 65, true, true, '{"features": ["13th Gen Intel Core i9", "NVIDIA RTX 4060", "4K OLED display", "Premium build", "Thunderbolt 4"], "specifications": {"processor": "Intel Core i9-13900H", "ram": "32GB", "storage": "1TB SSD", "gpu": "NVIDIA RTX 4060"}}'),

('10000001-0001-0001-0001-000000000005'::uuid, 'Sony WH-1000XM5', 'sony-wh-1000xm5', 'Industry-leading noise canceling headphones with exceptional sound quality', '11111111-1111-1111-1111-111111111114'::uuid, 'b0000000-0000-0000-0000-000000000003'::uuid, 399.99, 449.99, 'SONY-WH1000XM5-BLK', 200, true, true, '{"features": ["Industry-leading ANC", "30-hour battery", "Multipoint connection", "Speak-to-chat", "Premium comfort"], "specifications": {"driver": "30mm", "bluetooth": "5.2", "battery": "30 hours", "weight": "250g"}}'),

('10000001-0001-0001-0001-000000000006'::uuid, 'Bose QuietComfort Ultra', 'bose-quietcomfort-ultra', 'Premium wireless headphones with spatial audio and world-class noise cancellation', '11111111-1111-1111-1111-111111111114'::uuid, 'b0000000-0000-0000-0000-000000000013'::uuid, 429.00, 479.00, 'BOSE-QCULT-WHT', 180, true, false, '{"features": ["Immersive spatial audio", "CustomTune technology", "24-hour battery", "Premium materials", "Aware mode"], "specifications": {"driver": "35mm", "bluetooth": "5.3", "battery": "24 hours", "weight": "254g"}}'),

('10000001-0001-0001-0001-000000000007'::uuid, 'Canon EOS R6 Mark II', 'canon-eos-r6-mark-ii', 'Professional mirrorless camera with 24.2MP sensor and advanced autofocus', '11111111-1111-1111-1111-111111111115'::uuid, 'b0000000-0000-0000-0000-000000000011'::uuid, 2499.00, 2699.00, 'CAN-R6M2-BODY', 35, true, true, '{"features": ["24.2MP Full-Frame", "40fps continuous shooting", "8K video", "In-body stabilization", "Dual card slots"], "specifications": {"sensor": "24.2MP CMOS", "iso": "100-102400", "video": "4K 60p", "stabilization": "8-stop IBIS"}}'),

('10000001-0001-0001-0001-000000000008'::uuid, 'Nike Air Max 270', 'nike-air-max-270', 'Iconic sneakers with Max Air cushioning for all-day comfort', '66666666-6666-6666-6666-666666666667'::uuid, 'b0000000-0000-0000-0000-000000000004'::uuid, 160.00, 180.00, 'NIKE-AM270-BLK', 450, true, true, '{"features": ["Max Air unit", "Breathable mesh", "Durable rubber outsole", "Iconic design", "All-day comfort"], "specifications": {"material": "Mesh and synthetic", "cushioning": "Max Air", "style": "Lifestyle"}}'),

('10000001-0001-0001-0001-000000000009'::uuid, 'Adidas Ultraboost 23', 'adidas-ultraboost-23', 'Premium running shoes with responsive Boost cushioning', '66666666-6666-6666-6666-666666666667'::uuid, 'b0000000-0000-0000-0000-000000000005'::uuid, 190.00, 210.00, 'ADI-UB23-WHT', 380, true, true, '{"features": ["Boost midsole", "Primeknit upper", "Continental rubber outsole", "Energy return", "Adaptive fit"], "specifications": {"material": "Primeknit", "cushioning": "Boost", "drop": "10mm"}}'),

('10000001-0001-0001-0001-000000000010'::uuid, 'Levi''s 501 Original Jeans', 'levis-501-original-jeans', 'The original blue jean since 1873, iconic straight fit', '66666666-6666-6666-6666-666666666667'::uuid, 'b0000000-0000-0000-0000-000000000017'::uuid, 98.00, 118.00, 'LEVI-501-BLUE', 600, true, false, '{"features": ["100% cotton denim", "Button fly", "Straight fit", "Classic 5-pocket", "Iconic design"], "specifications": {"material": "100% Cotton", "fit": "Straight", "rise": "Mid"}}'),

('10000001-0001-0001-0001-000000000011'::uuid, 'Zara Tailored Blazer', 'zara-tailored-blazer', 'Modern tailored blazer with structured shoulders and elegant fit', '66666666-6666-6666-6666-666666666668'::uuid, 'b0000000-0000-0000-0000-000000000015'::uuid, 129.00, 159.00, 'ZARA-BLZ-BLK', 280, true, true, '{"features": ["Structured shoulders", "Two-button closure", "Flap pockets", "Lined interior", "Professional fit"], "specifications": {"material": "Polyester blend", "fit": "Tailored", "care": "Dry clean"}}'),

('10000001-0001-0001-0001-000000000012'::uuid, 'H&M Organic Cotton T-Shirt', 'hm-organic-cotton-tshirt', 'Sustainable basic tee made from 100% organic cotton', '66666666-6666-6666-6666-666666666668'::uuid, 'b0000000-0000-0000-0000-000000000016'::uuid, 12.99, 19.99, 'HM-ORGT-WHT', 1200, true, false, '{"features": ["100% organic cotton", "Sustainable", "Classic fit", "Soft fabric", "Versatile"], "specifications": {"material": "100% Organic Cotton", "fit": "Regular", "care": "Machine wash"}}'),

('10000001-0001-0001-0001-000000000013'::uuid, 'IKEA KALLAX Shelf Unit', 'ikea-kallax-shelf-unit', 'Versatile storage solution that can be used horizontally or vertically', '33333333-3333-3333-3333-333333333333'::uuid, 'b0000000-0000-0000-0000-000000000019'::uuid, 89.99, 109.99, 'IKEA-KALLAX-4X4', 320, true, true, '{"features": ["16 compartments", "Can be wall-mounted", "Durable construction", "Easy assembly", "Multiple uses"], "specifications": {"material": "Particleboard", "dimensions": "57 7/8x57 7/8 inches", "weight_capacity": "29 lbs per shelf"}}'),

('10000001-0001-0001-0001-000000000014'::uuid, 'KitchenAid Stand Mixer', 'kitchenaid-stand-mixer', 'Professional 5-quart stand mixer with 10 speeds and tilt-head design', '33333333-3333-3333-3333-333333333333'::uuid, 'b0000000-0000-0000-0000-000000000020'::uuid, 449.99, 529.99, 'KA-SM5QT-RED', 95, true, true, '{"features": ["5-quart capacity", "10 speeds", "Tilt-head design", "Includes 3 attachments", "Powerful motor"], "specifications": {"capacity": "5 quarts", "power": "325 watts", "speeds": "10", "attachments": "Flat beater, dough hook, wire whip"}}'),

('10000001-0001-0001-0001-000000000015'::uuid, 'Under Armour HeatGear Shirt', 'under-armour-heatgear-shirt', 'Compression shirt with moisture-wicking technology for peak performance', '44444444-4444-4444-4444-444444444444'::uuid, 'b0000000-0000-0000-0000-000000000007'::uuid, 34.99, 44.99, 'UA-HG-BLK', 520, true, false, '{"features": ["HeatGear fabric", "Compression fit", "Moisture-wicking", "Anti-odor technology", "4-way stretch"], "specifications": {"material": "Polyester/Elastane", "fit": "Compression", "care": "Machine wash"}}'),

('10000001-0001-0001-0001-000000000016'::uuid, 'Puma RS-X Sneakers', 'puma-rs-x-sneakers', 'Bold retro-inspired sneakers with chunky silhouette and vibrant colors', '44444444-4444-4444-4444-444444444444'::uuid, 'b0000000-0000-0000-0000-000000000006'::uuid, 110.00, 130.00, 'PUMA-RSX-MLT', 340, true, true, '{"features": ["Retro design", "Chunky sole", "Bold colors", "Comfortable fit", "Durable construction"], "specifications": {"material": "Leather and mesh", "cushioning": "RS foam", "style": "Lifestyle"}}'),

('10000001-0001-0001-0001-000000000017'::uuid, 'Sony PlayStation 5', 'sony-playstation-5', 'Next-gen gaming console with ultra-high speed SSD and stunning graphics', '88888888-8888-8888-8888-888888888888'::uuid, 'b0000000-0000-0000-0000-000000000003'::uuid, 499.99, 549.99, 'SONY-PS5-STD', 85, true, true, '{"features": ["Ultra-high speed SSD", "Ray tracing", "4K gaming", "Tempest 3D audio", "DualSense controller"], "specifications": {"storage": "825GB SSD", "resolution": "Up to 8K", "cpu": "AMD Zen 2", "gpu": "AMD RDNA 2"}}'),

('10000001-0001-0001-0001-000000000018'::uuid, 'JBL Flip 6 Speaker', 'jbl-flip-6-speaker', 'Portable Bluetooth speaker with powerful sound and IP67 waterproof rating', '11111111-1111-1111-1111-111111111114'::uuid, 'b0000000-0000-0000-0000-000000000014'::uuid, 129.99, 149.99, 'JBL-FLIP6-BLU', 420, true, false, '{"features": ["IP67 waterproof", "12-hour battery", "PartyBoost", "Bold sound", "Durable design"], "specifications": {"power": "30W", "bluetooth": "5.1", "battery": "12 hours", "waterproof": "IP67"}}'),

('10000001-0001-0001-0001-000000000019'::uuid, 'Nikon Z6 III', 'nikon-z6-iii', 'Full-frame mirrorless camera with 24.5MP sensor and advanced video capabilities', '11111111-1111-1111-1111-111111111115'::uuid, 'b0000000-0000-0000-0000-000000000012'::uuid, 2499.99, 2699.99, 'NIK-Z6III-BODY', 42, true, true, '{"features": ["24.5MP sensor", "4K 120p video", "In-body VR", "Dual card slots", "Advanced AF"], "specifications": {"sensor": "24.5MP CMOS", "iso": "100-64000", "video": "4K 120p", "stabilization": "5-axis VR"}}'),

('10000001-0001-0001-0001-000000000020'::uuid, 'HP Envy 13', 'hp-envy-13', 'Sleek ultrabook with stunning display and all-day battery life', '11111111-1111-1111-1111-111111111113'::uuid, 'b0000000-0000-0000-0000-000000000009'::uuid, 999.99, 1199.99, 'HP-ENVY13-I7', 78, true, false, '{"features": ["13.3-inch FHD", "Intel Core i7", "16GB RAM", "512GB SSD", "All-day battery"], "specifications": {"processor": "Intel Core i7-1355U", "ram": "16GB", "storage": "512GB SSD", "display": "13.3-inch FHD"}}'),

('10000001-0001-0001-0001-000000000021'::uuid, 'Lenovo ThinkPad X1 Carbon', 'lenovo-thinkpad-x1-carbon', 'Business ultrabook with legendary keyboard and military-grade durability', '11111111-1111-1111-1111-111111111113'::uuid, 'b0000000-0000-0000-0000-000000000010'::uuid, 1899.99, 2199.99, 'LEN-X1C-I7', 56, true, true, '{"features": ["14-inch 2.8K display", "Intel Core i7", "MIL-STD-810H", "Legendary keyboard", "Long battery life"], "specifications": {"processor": "Intel Core i7-1365U", "ram": "32GB", "storage": "1TB SSD", "display": "14-inch 2.8K"}}'),

('10000001-0001-0001-0001-000000000022'::uuid, 'Gap Classic Khakis', 'gap-classic-khakis', 'Timeless khaki pants with comfortable fit and versatile style', '66666666-6666-6666-6666-666666666667'::uuid, 'b0000000-0000-0000-0000-000000000018'::uuid, 59.99, 79.99, 'GAP-KHK-TAN', 680, true, false, '{"features": ["Classic fit", "Cotton blend", "Wrinkle-resistant", "Multiple pockets", "Versatile"], "specifications": {"material": "Cotton/Polyester", "fit": "Classic", "care": "Machine wash"}}'),

('10000001-0001-0001-0001-000000000023'::uuid, 'Samsung Galaxy Buds2 Pro', 'samsung-galaxy-buds2-pro', 'Premium wireless earbuds with intelligent ANC and 360 audio', '11111111-1111-1111-1111-111111111114'::uuid, 'b0000000-0000-0000-0000-000000000002'::uuid, 229.99, 249.99, 'SAM-GB2P-BLK', 310, true, true, '{"features": ["Intelligent ANC", "360 audio", "Hi-Fi sound", "IPX7 waterproof", "8-hour battery"], "specifications": {"driver": "10mm", "bluetooth": "5.3", "battery": "8 hours + 20 with case", "waterproof": "IPX7"}}'),

('10000001-0001-0001-0001-000000000024'::uuid, 'Apple Watch Series 9', 'apple-watch-series-9', 'Advanced health and fitness smartwatch with bright display and S9 chip', '11111111-1111-1111-1111-111111111111'::uuid, 'b0000000-0000-0000-0000-000000000001'::uuid, 429.00, 479.00, 'APL-AW9-45MM', 220, true, true, '{"features": ["S9 chip", "Bright display", "Double tap gesture", "Advanced health sensors", "Crash detection"], "specifications": {"display": "45mm Always-On Retina", "battery": "Up to 18 hours", "water_resistance": "50m", "connectivity": "GPS + Cellular"}}'),

('10000001-0001-0001-0001-000000000025'::uuid, 'Canon PIXMA Pro-200', 'canon-pixma-pro-200', 'Professional wireless photo printer with 8-color dye ink system', '11111111-1111-1111-1111-111111111111'::uuid, 'b0000000-0000-0000-0000-000000000011'::uuid, 599.99, 699.99, 'CAN-PIXMA-P200', 48, true, false, '{"features": ["8-color dye ink", "Wireless printing", "13x19 inch prints", "Professional quality", "Mobile printing"], "specifications": {"technology": "Inkjet", "colors": "8-color", "max_resolution": "4800x2400 dpi", "connectivity": "Wi-Fi, USB"}}'),

('10000001-0001-0001-0001-000000000026'::uuid, 'Nike Pro Dri-FIT Shorts', 'nike-pro-dri-fit-shorts', 'Performance training shorts with sweat-wicking technology', '44444444-4444-4444-4444-444444444444'::uuid, 'b0000000-0000-0000-0000-000000000004'::uuid, 35.00, 45.00, 'NIKE-PRO-BLK', 780, true, false, '{"features": ["Dri-FIT technology", "Elastic waistband", "Mesh panels", "Lightweight", "Comfortable fit"], "specifications": {"material": "Polyester/Spandex", "fit": "Slim", "care": "Machine wash"}}'),

('10000001-0001-0001-0001-000000000027'::uuid, 'Adidas Tiro Track Pants', 'adidas-tiro-track-pants', 'Classic soccer-inspired track pants with iconic 3-Stripes', '44444444-4444-4444-4444-444444444444'::uuid, 'b0000000-0000-0000-0000-000000000005'::uuid, 50.00, 60.00, 'ADI-TIRO-BLK', 620, true, true, '{"features": ["3-Stripes design", "Tapered fit", "Zip pockets", "Ankle zips", "Moisture-wicking"], "specifications": {"material": "Recycled polyester", "fit": "Tapered", "care": "Machine wash"}}'),

('10000001-0001-0001-0001-000000000028'::uuid, 'Sony Alpha a7 IV', 'sony-alpha-a7-iv', 'Versatile full-frame mirrorless camera with 33MP sensor and 4K 60p video', '11111111-1111-1111-1111-111111111115'::uuid, 'b0000000-0000-0000-0000-000000000003'::uuid, 2498.00, 2698.00, 'SONY-A7IV-BODY', 38, true, true, '{"features": ["33MP sensor", "4K 60p video", "693-point AF", "5-axis stabilization", "Dual card slots"], "specifications": {"sensor": "33MP Exmor R", "iso": "100-51200", "video": "4K 60p", "stabilization": "5.5-stop IBIS"}}'),

('10000001-0001-0001-0001-000000000029'::uuid, 'Bose SoundLink Revolve+', 'bose-soundlink-revolve-plus', 'Portable 360-degree Bluetooth speaker with deep, loud sound', '11111111-1111-1111-1111-111111111114'::uuid, 'b0000000-0000-0000-0000-000000000013'::uuid, 329.00, 379.00, 'BOSE-SLR-PLUS', 165, true, false, '{"features": ["360-degree sound", "17-hour battery", "Water-resistant", "Built-in handle", "Voice prompts"], "specifications": {"power": "16W", "bluetooth": "4.2", "battery": "17 hours", "water_resistance": "IPX4"}}'),

('10000001-0001-0001-0001-000000000030'::uuid, 'Zara Leather Crossbody Bag', 'zara-leather-crossbody-bag', 'Elegant leather crossbody bag with adjustable strap and multiple compartments', '66666666-6666-6666-6666-666666666669'::uuid, 'b0000000-0000-0000-0000-000000000015'::uuid, 79.99, 99.99, 'ZARA-BAG-BRN', 240, true, true, '{"features": ["Genuine leather", "Adjustable strap", "Multiple compartments", "Magnetic closure", "Elegant design"], "specifications": {"material": "100% Leather", "dimensions": "9x7x3 inches", "strap": "Adjustable"}}');

INSERT INTO public.product_images (id, product_id, image_url, alt_text, sort_order, is_primary) VALUES
('20000001-0001-0001-0001-000000000001'::uuid, '10000001-0001-0001-0001-000000000001'::uuid, 'https://images.unsplash.com/photo-1695048133142-1a20484d2569?w=800&q=80', 'iPhone 15 Pro Max front view', 1, true),
('20000001-0001-0001-0001-000000000002'::uuid, '10000001-0001-0001-0001-000000000001'::uuid, 'https://images.unsplash.com/photo-1695048133142-1a20484d2569?w=800&q=80', 'iPhone 15 Pro Max back view', 2, false),
('20000001-0001-0001-0001-000000000003'::uuid, '10000001-0001-0001-0001-000000000002'::uuid, 'https://images.unsplash.com/photo-1610945415295-d9bbf067e59c?w=800&q=80', 'Samsung Galaxy S24 Ultra', 1, true),
('20000001-0001-0001-0001-000000000004'::uuid, '10000001-0001-0001-0001-000000000003'::uuid, 'https://images.unsplash.com/photo-1517336714731-489689fd1ca8?w=800&q=80', 'MacBook Pro 16 inch', 1, true),
('20000001-0001-0001-0001-000000000005'::uuid, '10000001-0001-0001-0001-000000000004'::uuid, 'https://images.unsplash.com/photo-1593642632823-8f785ba67e45?w=800&q=80', 'Dell XPS 15', 1, true),
('20000001-0001-0001-0001-000000000006'::uuid, '10000001-0001-0001-0001-000000000005'::uuid, 'https://images.unsplash.com/photo-1546435770-a3e426bf472b?w=800&q=80', 'Sony WH-1000XM5 headphones', 1, true),
('20000001-0001-0001-0001-000000000007'::uuid, '10000001-0001-0001-0001-000000000006'::uuid, 'https://images.unsplash.com/photo-1484704849700-f032a568e944?w=800&q=80', 'Bose QuietComfort Ultra', 1, true),
('20000001-0001-0001-0001-000000000008'::uuid, '10000001-0001-0001-0001-000000000007'::uuid, 'https://images.unsplash.com/photo-1606980707986-683ece2e6e8e?w=800&q=80', 'Canon EOS R6 Mark II', 1, true),
('20000001-0001-0001-0001-000000000009'::uuid, '10000001-0001-0001-0001-000000000008'::uuid, 'https://images.unsplash.com/photo-1542291026-7eec264c27ff?w=800&q=80', 'Nike Air Max 270', 1, true),
('20000001-0001-0001-0001-000000000010'::uuid, '10000001-0001-0001-0001-000000000009'::uuid, 'https://images.unsplash.com/photo-1608231387042-66d1773070a5?w=800&q=80', 'Adidas Ultraboost 23', 1, true),
('20000001-0001-0001-0001-000000000011'::uuid, '10000001-0001-0001-0001-000000000010'::uuid, 'https://images.unsplash.com/photo-1542272604-787c3835535d?w=800&q=80', 'Levi''s 501 Original Jeans', 1, true),
('20000001-0001-0001-0001-000000000012'::uuid, '10000001-0001-0001-0001-000000000011'::uuid, 'https://images.unsplash.com/photo-1591047139829-d91aecb6caea?w=800&q=80', 'Zara Tailored Blazer', 1, true),
('20000001-0001-0001-0001-000000000013'::uuid, '10000001-0001-0001-0001-000000000012'::uuid, 'https://images.unsplash.com/photo-1521572163474-6864f9cf17ab?w=800&q=80', 'H&M Organic Cotton T-Shirt', 1, true),
('20000001-0001-0001-0001-000000000014'::uuid, '10000001-0001-0001-0001-000000000013'::uuid, 'https://images.unsplash.com/photo-1595428774223-ef52624120d2?w=800&q=80', 'IKEA KALLAX Shelf Unit', 1, true),
('20000001-0001-0001-0001-000000000015'::uuid, '10000001-0001-0001-0001-000000000014'::uuid, 'https://images.unsplash.com/photo-1570222094114-d054a817e56b?w=800&q=80', 'KitchenAid Stand Mixer', 1, true),
('20000001-0001-0001-0001-000000000016'::uuid, '10000001-0001-0001-0001-000000000015'::uuid, 'https://images.unsplash.com/photo-1556821840-3a63f95609a7?w=800&q=80', 'Under Armour HeatGear Shirt', 1, true),
('20000001-0001-0001-0001-000000000017'::uuid, '10000001-0001-0001-0001-000000000016'::uuid, 'https://images.unsplash.com/photo-1600185365926-3a2ce3cdb9eb?w=800&q=80', 'Puma RS-X Sneakers', 1, true),
('20000001-0001-0001-0001-000000000018'::uuid, '10000001-0001-0001-0001-000000000017'::uuid, 'https://images.unsplash.com/photo-1606813907291-d86efa9b94db?w=800&q=80', 'Sony PlayStation 5', 1, true),
('20000001-0001-0001-0001-000000000019'::uuid, '10000001-0001-0001-0001-000000000018'::uuid, 'https://images.unsplash.com/photo-1608043152269-423dbba4e7e1?w=800&q=80', 'JBL Flip 6 Speaker', 1, true),
('20000001-0001-0001-0001-000000000020'::uuid, '10000001-0001-0001-0001-000000000019'::uuid, 'https://images.unsplash.com/photo-1606980707986-683ece2e6e8e?w=800&q=80', 'Nikon Z6 III', 1, true),
('20000001-0001-0001-0001-000000000021'::uuid, '10000001-0001-0001-0001-000000000020'::uuid, 'https://images.unsplash.com/photo-1588872657578-7efd1f1555ed?w=800&q=80', 'HP Envy 13', 1, true),
('20000001-0001-0001-0001-000000000022'::uuid, '10000001-0001-0001-0001-000000000021'::uuid, 'https://images.unsplash.com/photo-1588872657578-7efd1f1555ed?w=800&q=80', 'Lenovo ThinkPad X1 Carbon', 1, true),
('20000001-0001-0001-0001-000000000023'::uuid, '10000001-0001-0001-0001-000000000022'::uuid, 'https://images.unsplash.com/photo-1473966968600-fa801b869a1a?w=800&q=80', 'Gap Classic Khakis', 1, true),
('20000001-0001-0001-0001-000000000024'::uuid, '10000001-0001-0001-0001-000000000023'::uuid, 'https://images.unsplash.com/photo-1590658268037-6bf12165a8df?w=800&q=80', 'Samsung Galaxy Buds2 Pro', 1, true),
('20000001-0001-0001-0001-000000000025'::uuid, '10000001-0001-0001-0001-000000000024'::uuid, 'https://images.unsplash.com/photo-1434493789847-2f02dc6ca35d?w=800&q=80', 'Apple Watch Series 9', 1, true),
('20000001-0001-0001-0001-000000000026'::uuid, '10000001-0001-0001-0001-000000000025'::uuid, 'https://images.unsplash.com/photo-1612815154858-60aa4c59eaa6?w=800&q=80', 'Canon PIXMA Pro-200', 1, true),
('20000001-0001-0001-0001-000000000027'::uuid, '10000001-0001-0001-0001-000000000026'::uuid, 'https://images.unsplash.com/photo-1591195853828-11db59a44f6b?w=800&q=80', 'Nike Pro Dri-FIT Shorts', 1, true),
('20000001-0001-0001-0001-000000000028'::uuid, '10000001-0001-0001-0001-000000000027'::uuid, 'https://images.unsplash.com/photo-1552346154-21d32810aba3?w=800&q=80', 'Adidas Tiro Track Pants', 1, true),
('20000001-0001-0001-0001-000000000029'::uuid, '10000001-0001-0001-0001-000000000028'::uuid, 'https://images.unsplash.com/photo-1606980707986-683ece2e6e8e?w=800&q=80', 'Sony Alpha a7 IV', 1, true),
('20000001-0001-0001-0001-000000000030'::uuid, '10000001-0001-0001-0001-000000000029'::uuid, 'https://images.unsplash.com/photo-1608043152269-423dbba4e7e1?w=800&q=80', 'Bose SoundLink Revolve+', 1, true),
('20000001-0001-0001-0001-000000000031'::uuid, '10000001-0001-0001-0001-000000000030'::uuid, 'https://images.unsplash.com/photo-1590874103328-eac38a683ce7?w=800&q=80', 'Zara Leather Crossbody Bag', 1, true);

INSERT INTO public.product_variants (id, product_id, sku, name, price_modifier, stock_quantity, attributes) VALUES
('30000001-0001-0001-0001-000000000001'::uuid, '10000001-0001-0001-0001-000000000001'::uuid, 'APL-IP15PM-256-TIT', 'iPhone 15 Pro Max - 256GB - Titanium', 0.00, 50, '{"color": "Natural Titanium", "storage": "256GB"}'),
('30000001-0001-0001-0001-000000000002'::uuid, '10000001-0001-0001-0001-000000000001'::uuid, 'APL-IP15PM-512-TIT', 'iPhone 15 Pro Max - 512GB - Titanium', 200.00, 40, '{"color": "Natural Titanium", "storage": "512GB"}'),
('30000001-0001-0001-0001-000000000003'::uuid, '10000001-0001-0001-0001-000000000001'::uuid, 'APL-IP15PM-256-BLU', 'iPhone 15 Pro Max - 256GB - Blue', 0.00, 60, '{"color": "Blue Titanium", "storage": "256GB"}'),
('30000001-0001-0001-0001-000000000004'::uuid, '10000001-0001-0001-0001-000000000008'::uuid, 'NIKE-AM270-BLK-10', 'Nike Air Max 270 - Black - Size 10', 0.00, 80, '{"color": "Black", "size": "10"}'),
('30000001-0001-0001-0001-000000000005'::uuid, '10000001-0001-0001-0001-000000000008'::uuid, 'NIKE-AM270-BLK-11', 'Nike Air Max 270 - Black - Size 11', 0.00, 90, '{"color": "Black", "size": "11"}'),
('30000001-0001-0001-0001-000000000006'::uuid, '10000001-0001-0001-0001-000000000008'::uuid, 'NIKE-AM270-WHT-10', 'Nike Air Max 270 - White - Size 10', 0.00, 70, '{"color": "White", "size": "10"}'),
('30000001-0001-0001-0001-000000000007'::uuid, '10000001-0001-0001-0001-000000000009'::uuid, 'ADI-UB23-WHT-10', 'Adidas Ultraboost 23 - White - Size 10', 0.00, 65, '{"color": "White", "size": "10"}'),
('30000001-0001-0001-0001-000000000008'::uuid, '10000001-0001-0001-0001-000000000009'::uuid, 'ADI-UB23-BLK-10', 'Adidas Ultraboost 23 - Black - Size 10', 0.00, 75, '{"color": "Black", "size": "10"}'),
('30000001-0001-0001-0001-000000000009'::uuid, '10000001-0001-0001-0001-000000000010'::uuid, 'LEVI-501-BLUE-32X32', 'Levi''s 501 - Blue - 32x32', 0.00, 120, '{"color": "Blue", "waist": "32", "length": "32"}'),
('30000001-0001-0001-0001-000000000010'::uuid, '10000001-0001-0001-0001-000000000010'::uuid, 'LEVI-501-BLUE-34X32', 'Levi''s 501 - Blue - 34x32', 0.00, 140, '{"color": "Blue", "waist": "34", "length": "32"}'),
('30000001-0001-0001-0001-000000000011'::uuid, '10000001-0001-0001-0001-000000000011'::uuid, 'ZARA-BLZ-BLK-M', 'Zara Tailored Blazer - Black - M', 0.00, 60, '{"color": "Black", "size": "M"}'),
('30000001-0001-0001-0001-000000000012'::uuid, '10000001-0001-0001-0001-000000000011'::uuid, 'ZARA-BLZ-BLK-L', 'Zara Tailored Blazer - Black - L', 0.00, 70, '{"color": "Black", "size": "L"}'),
('30000001-0001-0001-0001-000000000013'::uuid, '10000001-0001-0001-0001-000000000012'::uuid, 'HM-ORGT-WHT-M', 'H&M Organic Cotton T-Shirt - White - M', 0.00, 250, '{"color": "White", "size": "M"}'),
('30000001-0001-0001-0001-000000000014'::uuid, '10000001-0001-0001-0001-000000000012'::uuid, 'HM-ORGT-BLK-M', 'H&M Organic Cotton T-Shirt - Black - M', 0.00, 280, '{"color": "Black", "size": "M"}'),
('30000001-0001-0001-0001-000000000015'::uuid, '10000001-0001-0001-0001-000000000014'::uuid, 'KA-SM5QT-RED', 'KitchenAid Stand Mixer - Empire Red', 0.00, 45, '{"color": "Empire Red"}'),
('30000001-0001-0001-0001-000000000016'::uuid, '10000001-0001-0001-0001-000000000014'::uuid, 'KA-SM5QT-SLV', 'KitchenAid Stand Mixer - Silver', 0.00, 50, '{"color": "Silver"}');

alter publication supabase_realtime add table products;
alter publication supabase_realtime add table product_images;
alter publication supabase_realtime add table product_variants;